,name,Country,Latitude,Longitude,Temperature,Wind Speed (mph),Humidity (%),Cloudiness (%)
0,Tooele,US,40.53,-112.3,38.08,14.99,64,40
1,Cascais,PT,38.7,-9.42,49.3,1.12,58,0
2,Cabra,ES,37.47,-4.44,39.38,2.24,93,0
3,Omboue,GA,-1.57,9.26,78.64,9.64,100,76
4,Lakes Entrance,AU,-37.88,147.98,73.1,11.39,66,36
5,Quesnel,CA,53.0,-122.5,24.8,2.24,92,90
6,Vila Franca do Campo,PT,37.72,-25.43,66.2,5.82,88,40
7,Salalah,OM,17.02,54.09,77.0,4.7,69,0
8,Krasnosel’kup,RU,65.7,82.47,1.96,11.05,70,64
9,Kirensk,RU,57.79,108.11,-11.01,2.48,71,12
10,Rio Grande,BR,-32.03,-52.1,66.35,10.31,95,8
11,Roebourne,AU,-20.78,117.13,85.48,9.08,45,0
12,Ternate,ID,0.8,127.4,84.94,2.82,100,12
13,Jeremie,HT,18.65,-74.12,75.89,11.43,100,88
14,Sendafa,ET,9.15,39.03,27.16,2.71,69,0
15,Hermon,US,44.81,-68.91,28.4,8.05,68,1
16,Quchan,IR,37.11,58.51,16.85,2.77,68,0
17,Beberibe,BR,-4.18,-38.13,80.6,11.41,74,40
18,Aksha,RU,50.28,113.29,10.55,9.53,42,56
19,Saurimo,AO,-9.66,20.39,66.76,3.22,95,92
20,Cedar City,US,37.68,-113.06,37.4,10.29,86,90
21,Akcakoca,TR,41.09,31.12,39.94,2.55,87,44
22,Rikitea,PF,-23.12,-134.97,72.79,22.73,100,64
23,Shieli,KZ,44.17,66.75,33.37,9.04,83,80
24,Mineiros,BR,-17.57,-52.55,70.76,4.34,83,48
25,Puerto Madero,MX,14.72,-92.42,78.8,2.48,88,40
26,San Mariano,PH,7.5,126.0,82.4,6.93,78,75
27,Aiquile,BO,-18.2,-65.18,49.48,3.71,91,0
28,Bilibino,RU,68.05,166.44,10.69,4.38,75,92
29,York,GB,53.96,-1.08,42.04,10.29,81,40
30,Mayskiy,RU,47.69,40.1,33.8,11.18,80,36
31,Coquimbo,CL,-29.95,-71.34,56.77,7.02,100,0
32,Dikson,RU,73.51,80.55,-3.76,13.78,100,8
33,Araouane,ML,18.9,-3.53,61.36,8.3,18,88
34,Xiaoshi,CN,41.3,124.12,17.6,6.71,34,0
35,Palana,RU,59.12,159.97,33.5,31.63,84,44
36,Kabare,CD,-2.47,28.82,56.99,2.1,100,48
37,Vanavara,RU,60.34,102.28,-8.4,4.23,79,80
38,Urozhaynoye,RU,44.79,44.92,32.96,9.04,94,92
39,Sarangani,PH,5.4,125.46,83.99,7.81,100,32
40,Camopi,GF,3.17,-52.32,80.53,4.38,54,0
41,San Borja,BO,-14.82,-66.85,73.87,2.33,94,8
42,Longyearbyen,SJ,78.22,15.64,28.4,11.41,68,75
43,Russkaya Polyana,UA,49.42,31.92,33.91,5.84,94,92
44,Palasa,IN,18.77,84.42,77.15,11.83,100,56
45,Mareeba,AU,-17.0,145.43,86.0,12.75,51,20
46,Altagracia de Orituco,VE,9.86,-66.38,76.25,7.36,85,0
47,Talaya,RU,61.38,152.75,3.08,7.92,75,68
48,Fayaoue,NC,-20.65,166.53,75.44,10.38,100,0
49,Kavieng,PG,-2.57,150.8,83.54,1.54,100,12
50,Peniche,PT,39.36,-9.38,48.25,1.12,58,0
51,Deputatskiy,RU,69.3,139.9,-21.09,3.71,29,0
52,Labuan,ID,-6.38,105.83,84.67,11.16,89,12
53,Nizamabad,IN,18.67,78.12,76.84,4.56,64,0
54,Ayaviri,PE,-14.89,-70.59,36.83,1.32,99,80
55,Timizart,DZ,36.8,4.27,28.19,2.21,95,0
56,Blackwater,AU,-23.58,148.88,84.31,8.59,39,76
57,Lompoc,US,34.64,-120.46,59.43,6.93,76,1
58,Serra,BR,-20.13,-40.31,77.0,13.87,78,20
59,Brae,GB,60.4,-1.35,42.03,23.04,60,68
60,Kushima,JP,31.46,131.23,57.74,3.36,93,75
61,Esmeraldas,BR,-19.76,-44.31,75.2,6.93,57,0
62,Loutros,GR,40.59,22.4,55.4,6.93,87,75
63,Nynashamn,SE,58.9,17.95,43.66,9.17,70,92
64,Wichelen,BE,51.0,3.95,36.16,8.05,82,20
65,Fes,MA,34.04,-5.0,52.16,8.05,39,0
66,Yellowknife,CA,62.46,-114.35,-13.01,6.93,83,5
67,Ostrovnoy,RU,68.05,39.51,0.97,3.11,70,0
68,Riberalta,BO,-10.98,-66.1,76.16,2.04,93,20
69,Zonguldak,TR,41.25,31.83,48.76,2.48,90,36
70,Midrand,ZA,-25.96,28.14,52.65,3.36,39,0
71,Skotterud,NO,59.98,12.13,33.82,4.23,100,92
72,Dondo,MZ,-19.61,34.74,74.18,9.42,86,68
73,Dudinka,RU,69.41,86.18,-10.92,5.79,55,68
74,Albion,US,42.24,-84.75,42.98,12.75,64,90
75,Xuanhua,CN,40.61,115.04,18.74,8.86,29,0
76,Arrecife,ES,28.96,-13.55,68.05,3.36,72,40
77,Kichera,RU,55.94,110.1,-7.14,2.89,100,0
78,Tabory,RU,58.52,64.55,21.35,2.82,91,88
79,Sechura,PE,-5.56,-80.82,64.87,12.1,88,0
80,Hashtrud,IR,37.48,47.05,19.87,2.71,72,64
81,Jieshi,CN,22.81,115.83,77.92,11.16,83,8
82,Souillac,MU,-20.52,57.52,73.4,3.36,88,75
83,Narsaq,GL,60.92,-46.05,19.4,1.12,52,12
84,Columbus,US,39.96,-83.0,41.22,6.93,71,1
85,Uvalde,US,29.21,-99.79,71.91,3.36,88,1
86,Astoria,US,46.19,-123.83,48.2,5.82,81,90
87,Cabadiangan,PH,9.75,122.47,84.22,3.04,97,12
88,Praia da Vitoria,PT,38.73,-27.07,66.2,22.12,82,40
89,Waitati,NZ,-45.75,170.57,60.95,3.49,76,0
90,Pimentel,PE,-6.84,-79.93,66.2,13.87,77,0
91,Andenes,NO,69.31,16.12,35.6,12.75,69,92
92,Uberlandia,BR,-18.92,-48.28,68.56,3.38,81,44
93,Serowe,BW,-22.38,26.72,56.86,11.61,69,0
94,Canyon,US,34.98,-101.92,68.83,15.41,21,1
95,Carhuamayo,PE,-10.92,-76.03,39.22,2.04,100,76
96,Mortka,RU,59.33,66.02,21.94,3.0,89,80
97,Tomatlan,MX,19.93,-105.25,74.81,2.48,91,12
98,Wainwright,CA,52.84,-110.86,1.73,6.58,65,20
99,Ladario,BR,-19.0,-57.6,78.86,5.79,75,0
100,Helong,CN,42.54,129.0,9.79,7.52,45,20
101,Los Llanos de Aridane,ES,28.66,-17.92,66.2,6.93,72,0
102,Rivera,UY,-30.91,-55.55,55.87,4.61,84,0
103,Port Keats,AU,-14.25,129.55,87.01,3.6,95,36
104,Basco,PH,20.45,121.97,82.96,11.54,98,0
105,Skovorodino,RU,53.98,123.92,-4.08,8.03,37,0
106,Masuguru,TZ,-11.37,38.42,75.26,5.28,78,12
107,Ericeira,PT,38.96,-9.42,49.21,1.12,58,0
108,College,US,64.86,-147.8,2.03,2.55,84,20
109,Kimbe,PG,-5.55,150.14,83.86,4.05,100,32
110,Malkapur,IN,20.88,76.2,68.06,5.35,66,0
111,Griffith,US,41.53,-87.42,43.39,11.41,93,90
112,Barra Patuca,HN,15.8,-84.28,80.21,15.3,87,92
113,Zhangye,CN,38.93,100.45,26.62,4.38,76,24
114,Humaita,BR,-7.51,-63.02,76.12,2.1,91,44
115,Lasa,IT,46.62,10.7,22.28,2.24,85,75
116,Ayan,RU,56.45,138.17,-6.33,10.31,100,0
117,Sinnamary,GF,5.38,-52.95,80.66,11.95,95,0
118,Santa Maria del Oro,MX,25.93,-105.37,53.84,2.77,60,0
119,Uruzgan,AF,32.93,66.63,13.57,1.32,94,20
120,Touros,BR,-5.2,-35.46,75.35,10.87,96,88
121,Qarqin,AF,37.42,66.04,32.92,2.71,74,0
122,Dalby,AU,-27.18,151.27,69.8,17.22,56,90
123,Smidovich,RU,48.6,133.82,7.36,3.78,54,12
124,Loandjili,CG,-4.76,11.86,77.0,4.7,94,75
125,Maceio,BR,-9.67,-35.74,73.4,3.36,88,0
126,Tarabuco,BO,-19.17,-64.92,47.14,2.04,90,24
127,Buchanan,LR,5.88,-10.05,78.5,7.52,100,76
128,Shangrao,CN,28.45,117.97,53.39,7.92,85,92
129,Teguldet,RU,57.31,88.17,25.49,6.73,90,80
130,Saint-Augustin,CA,51.23,-58.65,37.46,27.2,100,92
131,Mbekenyera,TZ,-10.0,38.98,69.73,2.48,93,92
132,Nawa,IN,27.02,75.0,59.83,6.24,90,0
133,Salisbury,GB,51.07,-1.8,38.12,2.24,93,0
134,General Pico,AR,-35.66,-63.76,50.11,6.91,42,0
135,Iberia,PE,-11.35,-69.58,75.53,2.48,92,36
136,Paka,MY,4.64,103.44,80.6,3.36,88,75
137,Slave Lake,CA,55.28,-114.77,3.2,3.36,84,20
138,Saint-Francois,FR,46.42,3.91,41.0,1.12,100,90
139,Khatra,IN,22.98,86.85,71.62,4.5,100,100
140,Mahebourg,MU,-20.41,57.7,73.4,3.36,88,75
141,Taman,RU,45.21,36.72,39.2,13.42,100,12
142,Kozhevnikovo,RU,56.26,83.97,29.9,8.93,93,88
143,Pyt-Yakh,RU,60.75,72.86,18.65,3.22,84,88
144,Port Augusta,AU,-32.5,137.77,68.0,10.29,68,75
145,Constitucion,CL,-35.33,-72.42,56.0,16.42,77,0
146,Iqaluit,CA,63.75,-68.51,1.4,3.36,54,5
147,Srivardhan,IN,18.03,73.02,75.67,3.89,80,68
148,Waingapu,ID,-9.66,120.26,82.51,3.11,95,32
149,Winona,US,44.05,-91.64,37.06,3.83,100,90
150,Batagay-Alyta,RU,67.8,130.41,-1.47,5.39,63,56
151,Dhankuta,NP,26.98,87.33,67.34,0.47,47,0
152,Wewak,PG,-3.55,143.63,85.93,1.77,94,8
153,Bubaque,GW,11.28,-15.83,77.0,6.93,88,0
154,Brownsville,US,25.9,-97.5,75.2,8.05,83,1
155,Liverpool,GB,53.41,-2.98,43.48,19.46,87,75
156,Dasoguz,TM,41.84,59.97,41.77,13.87,87,90
157,Salinas,US,36.68,-121.66,58.98,5.82,47,1
158,Kayes,ML,14.44,-11.43,65.23,4.9,57,76
159,Kamennomostskiy,RU,44.3,40.19,33.5,2.26,74,0
160,Manicore,BR,-5.81,-61.3,80.48,3.22,78,0
161,Karatau,KZ,43.17,70.47,34.13,11.43,82,8
162,Manado,ID,1.49,124.85,93.2,2.24,52,40
163,Zlitan,LY,32.47,14.57,54.38,14.79,100,0
164,Yuanping,CN,38.72,112.76,18.56,3.33,45,0
165,Copiapo,CL,-27.37,-70.33,59.0,6.93,77,56
166,Itupiranga,BR,-5.13,-49.33,78.8,2.24,94,0
167,Qaqortoq,GL,60.72,-46.03,19.4,1.12,52,8
168,Makubetsu,JP,45.37,141.82,33.8,10.29,100,75
169,Pulaski,US,37.05,-80.78,44.08,3.36,64,1
170,Tuensang,IN,26.28,94.83,67.12,1.81,96,32
171,Totness,SR,5.88,-56.32,80.93,18.43,100,0
172,Crotone,IT,39.09,17.12,35.6,24.16,93,90
173,Tsiombe,MG,-25.3,45.48,67.34,3.89,93,56
174,Sokolo,ML,14.73,-6.12,62.3,3.83,44,88
175,Camacha,PT,33.08,-16.33,66.2,12.75,77,40
176,Batavia,US,41.85,-88.31,42.8,14.99,93,90
177,Alabaster,US,33.24,-86.82,60.13,3.36,67,1
178,Sola,VU,-13.88,167.55,80.89,11.1,100,88
179,Padang,ID,-0.95,100.35,78.73,7.29,100,92
180,Ratnagiri,IN,16.98,73.3,81.65,11.1,94,56
181,Juneau,US,58.3,-134.42,29.3,3.33,92,90
182,Mantua,CU,22.29,-84.28,72.43,6.73,84,0
183,Havoysund,NO,71.0,24.66,21.2,3.36,85,0
184,Kasongo-Lunda,CD,-6.47,16.82,67.03,2.26,99,92
185,Konstancin-Jeziorna,PL,52.09,21.12,35.6,5.82,100,90
186,Tessalit,ML,20.2,1.01,51.37,6.35,31,20
187,Kuytun,RU,54.34,101.5,8.89,3.27,68,68
188,Businga,CD,3.33,20.88,68.29,4.83,99,92
189,Mount Darwin,ZW,-16.77,31.58,63.16,6.4,90,100
190,Grindavik,IS,63.84,-22.43,32.11,8.05,74,40
191,Paamiut,GL,61.99,-49.67,30.44,10.65,100,92
192,Picota,PE,-6.92,-76.33,82.4,6.93,65,40
193,Rocha,UY,-34.48,-54.33,59.69,9.31,92,76
194,Norrtalje,SE,59.76,18.7,43.74,14.99,81,75
195,Lugoba,TZ,-6.45,38.33,71.93,2.33,93,92
196,Edson,CA,53.58,-116.44,14.0,2.24,92,90
197,Znamenskoye,RU,57.13,73.83,29.86,4.5,96,88
198,Soe,ID,-9.86,124.28,77.56,2.59,85,92
199,Kouroussa,GN,10.65,-9.88,67.88,6.85,53,12
200,Porto Belo,BR,-27.16,-48.55,71.31,8.05,78,75
201,Nelson Bay,AU,-32.72,152.15,73.4,16.11,69,40
202,Jacareacanga,BR,-6.22,-57.75,77.02,2.26,90,24
203,Stupino,RU,54.9,38.07,35.6,6.71,80,75
204,Mungaa,TZ,-4.97,34.88,60.01,7.4,84,0
205,Kenai,US,60.55,-151.26,24.8,16.91,100,90
206,Sao Paulo de Olivenca,BR,-3.38,-68.87,78.14,1.88,93,20
207,Calafat,RO,43.99,22.93,42.46,3.33,100,88
208,Carauari,BR,-4.88,-66.9,79.09,2.55,95,32
209,Biltine,TD,14.53,20.92,66.49,7.4,32,0
210,Luena,AO,-11.78,19.92,59.78,2.48,96,76
211,Zhmerynka,UA,49.04,28.11,34.09,3.33,96,92
212,Whyalla,AU,-33.03,137.58,68.0,10.29,68,75
213,Ginir,ET,7.13,40.7,41.29,2.55,69,0
214,Amga,RU,60.9,131.96,-12.54,3.83,58,44
215,Klaksvik,FO,62.23,-6.59,37.4,31.09,86,92
216,Sovetskiy,RU,61.36,63.58,18.11,2.77,85,68
217,Butaritari,KI,3.07,172.79,83.0,5.28,100,68
218,Burnie,AU,-41.07,145.92,61.54,17.69,90,12
219,Banyo,CM,6.75,11.82,68.02,5.35,43,76
220,Morro Bay,US,35.37,-120.85,60.67,5.82,55,1
221,Capitan Pablo Lagerenza,PY,-19.92,-60.78,79.72,8.41,77,92
222,Schenectady,US,42.81,-73.94,29.88,9.17,63,1
223,Agadez,NE,19.75,10.25,52.18,4.9,37,0
224,Grootfontein,NA,-19.57,18.12,50.6,3.0,62,0
225,Wuan,CN,31.68,112.0,39.22,12.44,53,92
226,Nobres,BR,-14.72,-56.33,72.16,4.05,89,0
227,Whitehorse,CA,60.72,-135.05,6.8,2.37,84,90
228,Vanimo,PG,-2.67,141.3,84.31,9.42,100,48
229,Lao Cai,VN,22.48,103.95,67.21,1.88,97,92
230,Onokhoy,RU,51.93,108.07,10.4,4.47,78,90
231,Merauke,ID,-8.47,140.33,84.58,9.93,96,48
232,Cefalu,IT,38.04,14.02,49.88,2.48,100,80
233,Severo-Kurilsk,RU,50.68,156.12,36.11,11.77,99,32
234,Sakata,JP,38.92,139.85,51.8,13.87,81,75
235,Georgetown,GY,6.8,-58.16,77.0,4.7,94,0
236,Bhinmal,IN,25.0,72.25,61.18,9.6,79,0
237,Tazovskiy,RU,67.47,78.7,8.71,8.81,80,92
238,Changji,CN,44.02,87.32,32.0,2.24,81,75
239,Mbale,UG,1.08,34.17,57.44,2.59,94,76
240,Kaseda,JP,31.42,130.32,57.02,3.36,93,75
241,Fairbanks,US,64.84,-147.72,2.03,2.55,84,20
242,Nago,JP,26.59,127.98,76.55,11.41,78,20
243,Eyemouth,GB,55.87,-2.09,46.4,20.8,75,68
244,Norman Wells,CA,65.28,-126.83,-5.81,3.36,76,90
245,Tuatapere,NZ,-46.13,167.68,55.06,6.24,91,0
246,Gordeyevka,RU,52.96,31.97,33.73,4.5,96,88
247,Pouso Alegre,BR,-22.23,-45.94,60.95,5.73,99,88
248,Kargat,RU,55.2,80.28,30.35,12.66,94,92
249,Vitoria da Conquista,BR,-14.87,-40.84,64.64,4.38,94,44
250,Bonavista,CA,48.65,-53.11,40.39,22.35,97,92
251,Korablino,RU,53.92,40.01,31.57,12.1,92,76
252,Pacifica,US,37.61,-122.49,57.07,6.35,66,1
253,Haridwar,IN,29.97,78.17,57.22,2.55,84,8
254,Benguela,AO,-12.58,13.41,68.69,3.0,100,0
255,Filadelfia,PY,-22.35,-60.03,80.39,5.61,69,64
256,Yatou,CN,37.15,122.38,38.54,20.45,82,56
257,Muroto,JP,33.28,134.15,53.6,5.82,87,75
258,Effium,NG,6.63,8.06,74.36,8.86,87,0
259,Hanzhong,CN,33.07,107.03,44.98,4.56,87,92
260,Neiafu,TO,-18.65,-173.98,80.6,8.05,83,75
261,Iquitos,PE,-3.75,-73.25,77.0,3.36,88,75
262,Praya,ID,-8.71,116.27,86.0,10.29,74,40
263,Kushiro,JP,42.98,144.37,44.6,23.04,93,75
264,Bahia Blanca,AR,-38.72,-62.27,52.81,15.97,77,0
265,Taoudenni,ML,22.68,-3.98,56.45,8.37,28,88
266,Roswell,US,34.02,-84.36,51.31,6.4,62,1
267,Tanabe,JP,33.73,135.37,53.6,5.82,93,75
268,Fernie,CA,49.5,-115.07,33.8,5.82,59,75
269,Thompson,CA,55.74,-97.86,10.4,6.93,85,90
270,Turukhansk,RU,65.82,87.98,-7.05,9.53,60,24
271,Wukari,NG,7.85,9.78,79.31,11.88,70,12
272,Itarantim,BR,-15.66,-40.07,65.86,4.12,94,44
273,Wuwei,CN,37.93,102.64,28.42,3.38,61,0
274,Bagdarin,RU,54.43,113.6,-7.09,3.78,39,0
275,Nizhniy Kuranakh,RU,58.84,125.49,-10.74,5.73,51,56
276,Ribeira Grande,PT,38.52,-28.7,67.84,28.99,98,100
277,Togur,RU,58.36,82.83,24.95,8.41,89,64
278,Williams Lake,CA,52.14,-122.14,24.8,3.36,79,90
279,East Wenatchee,US,47.42,-120.29,42.1,6.93,48,20
280,Jiexiu,CN,37.02,111.91,28.87,3.6,72,0
281,High Level,CA,58.52,-117.14,-4.01,2.55,83,75
282,Nokaneng,BW,-19.67,22.27,52.72,5.61,40,0
283,Pompeu,BR,-19.22,-44.94,75.13,7.29,59,80
284,Dunkwa,GH,5.97,-1.78,71.93,5.57,95,0
285,Cockburn Town,TC,21.46,-71.14,77.11,17.58,100,68
286,Yantal,RU,56.85,105.25,1.51,3.49,67,68
287,Mar del Plata,AR,-38.0,-57.56,51.8,5.82,87,90
288,Hirara,JP,24.8,125.28,77.92,10.29,88,75
289,Hami,CN,42.8,93.45,30.76,5.12,71,80
290,Xichang,CN,27.9,102.26,46.55,1.81,74,92
291,Koungou,YT,-12.73,45.2,78.8,1.12,88,76
292,San Juan,AR,-31.54,-68.54,62.71,7.85,22,32
293,Bela Vista de Goias,BR,-16.97,-48.95,73.4,3.36,69,0
294,Porto Walter,BR,-8.27,-72.74,77.78,2.37,87,0
295,Yuksekova,TR,37.57,44.29,33.8,4.7,80,0
296,Hermanus,ZA,-34.42,19.23,44.93,2.48,93,12
297,Lalibela,ET,12.03,39.03,42.41,3.89,53,0
298,Valley City,US,46.92,-98.0,20.59,8.05,100,1
299,Ust-Kamchatsk Staryy,RU,56.23,162.48,34.09,18.03,83,76
300,Bria,CF,6.54,21.99,69.05,7.02,95,68
301,Talnakh,RU,69.49,88.4,-27.93,2.82,44,20
302,Atar,MR,20.52,-13.05,53.03,3.22,43,0
303,Marondera,ZW,-18.19,31.55,59.0,3.36,100,0
304,Churapcha,RU,62.0,132.43,-15.42,3.78,68,56
305,Kukmor,RU,56.19,50.89,29.81,10.94,93,80
306,Alleppey,IN,9.49,76.33,79.72,4.12,100,12
307,Kokoda,PG,-8.88,147.74,69.95,2.33,99,76
308,Galbshtadt,RU,53.23,78.98,28.06,12.84,91,88
309,Fortuna,US,40.6,-124.16,47.53,6.93,81,1
310,Lashio,MM,22.93,97.75,73.33,2.55,81,0
311,Macklin,CA,52.33,-109.93,4.61,6.02,81,48
312,Malpe,IN,13.35,74.72,77.0,3.36,94,40
313,Vao,NC,-22.67,167.48,71.93,13.56,100,32
314,Cururupu,BR,-1.83,-44.87,80.71,8.52,74,68
315,South Sioux City,US,42.47,-96.41,45.07,15.41,81,90
316,Kirya,TZ,-3.92,37.48,60.01,2.89,91,0
317,Aksay,RU,47.26,39.87,33.8,11.18,80,12
318,Puerto Carreno,CO,6.19,-67.49,80.6,2.1,83,40
319,Hasaki,JP,35.73,140.83,49.89,3.36,81,75
320,Osinovo,RU,55.88,48.88,31.03,13.06,91,92
321,Sao Gabriel da Cachoeira,BR,-0.13,-67.09,81.11,1.81,79,8
322,Lappeenranta,FI,61.05,28.17,35.6,8.05,93,90
323,Belaya Gora,RU,68.53,146.42,-5.74,4.5,71,80
324,Les Cayes,HT,18.2,-73.75,76.57,7.74,100,76
325,Barrow,US,71.29,-156.79,12.2,6.93,85,90
326,Lokosovo,RU,61.13,74.82,15.82,2.89,90,92
327,Pangai,TO,-19.8,-174.35,80.6,9.17,88,90
328,Tuy Hoa,VN,13.08,109.3,80.21,5.79,96,12
329,Northam,GB,51.03,-4.22,41.18,1.12,100,75
330,Puerto Castilla,HN,16.02,-85.97,75.44,7.36,100,88
331,Zhuanghe,CN,39.7,122.99,24.95,17.58,100,0
332,Mokhotlong,LS,-29.29,29.07,20.18,1.88,69,0
333,Palazzolo Acreide,IT,37.06,14.9,51.12,5.82,93,20
334,Balikpapan,ID,-1.27,116.83,86.0,9.17,66,20
335,Weinan,CN,34.5,109.51,38.59,2.82,86,76
336,Aranos,NA,-24.13,19.12,46.55,4.12,29,0
337,Sunrise Manor,US,36.21,-115.07,72.66,13.87,23,1
338,Coro,VE,11.4,-69.67,74.59,2.55,100,32
339,Evensk,RU,61.95,159.23,32.92,18.14,100,92
340,Yukamenskoye,RU,57.89,52.24,27.11,8.3,87,92
341,Tshabong,BW,-26.05,22.45,45.61,2.89,32,0
342,Smithers,CA,54.78,-127.17,19.4,2.24,92,90
343,Anqing,CN,30.51,117.05,47.9,19.15,96,32
344,Agirish,RU,61.92,63.02,17.75,3.04,86,64
345,Zadar,HR,44.12,15.24,42.8,4.7,75,0
346,Lufilufi,WS,-13.87,-171.6,84.2,10.29,83,90
347,Beringovskiy,RU,63.05,179.32,35.66,20.15,92,92
348,Yarensk,RU,62.17,49.09,28.01,8.03,89,80
349,Nykoping,SE,58.75,17.01,42.8,13.87,81,90
350,Riyadh,SA,24.69,46.72,55.4,2.24,47,0
351,Guanhaes,BR,-18.77,-42.93,64.91,3.78,93,8
352,Willemstad,CW,12.11,-68.93,82.4,5.82,78,20
353,Westport,US,41.14,-73.36,38.77,8.05,38,1
354,Kamaishi,JP,39.27,141.88,48.2,4.7,81,75
355,Starobesheve,UA,47.75,38.03,28.06,7.74,90,20
356,Marawi,PH,8.0,124.29,82.01,2.04,71,24
357,Dunmore East,IE,52.15,-6.99,46.91,12.84,100,92
358,Curaca,BR,-8.99,-39.91,76.88,8.52,46,76
359,Hovd,MN,48.01,91.64,6.91,2.33,74,12
360,Nehe,CN,48.48,124.83,1.28,5.5,70,12
361,Krasnyy Chikoy,RU,50.36,108.75,15.86,4.0,47,80
362,Sept-Iles,CA,50.2,-66.38,28.4,18.34,74,90
363,Lipin Bor,RU,60.26,37.98,34.85,16.69,89,64
364,Portobelo,PA,9.55,-79.65,75.2,2.24,94,40
365,Miraflores,CO,1.34,-71.95,76.57,2.04,92,12
366,Ponta do Sol,PT,32.67,-17.1,66.2,2.24,77,40
367,Meyzieu,FR,45.77,5.0,39.18,4.7,100,90
368,Kaeo,NZ,-35.1,173.78,55.64,26.19,94,92
369,Ambon,ID,-3.7,128.18,87.8,3.36,70,40
370,Beira,MZ,-19.84,34.84,74.18,9.42,86,68
371,Inhambane,MZ,-23.86,35.38,63.79,5.61,100,0
372,Abu Zabad,SD,12.35,29.25,66.94,3.22,81,0
373,Santa Isabel do Rio Negro,BR,-0.41,-65.02,80.39,4.83,82,8
374,Pangody,RU,65.85,74.49,14.24,9.42,90,92
375,Chirkey,RU,42.96,46.98,46.4,6.71,87,90
376,Rondônia,BR,-10.87,-61.95,75.71,2.71,91,24
377,Upernavik,GL,72.79,-56.15,16.49,12.1,100,56
378,San Isidro,PE,-12.12,-77.05,54.43,2.33,80,8
379,Lyubech,UA,51.7,30.66,34.63,4.34,96,92
380,Ejea de los Caballeros,ES,42.13,-1.14,44.15,12.75,76,0
381,Ndele,CF,8.41,20.65,76.84,7.14,63,56
382,Necochea,AR,-38.55,-58.74,49.43,16.2,97,56
383,Pandan,PH,14.05,124.17,82.55,6.8,100,64
384,Hvide Sande,DK,56.0,8.13,44.6,13.87,87,92
385,Husavik,IS,66.04,-17.34,32.0,2.24,100,75
386,Salym,RU,60.06,71.48,19.69,2.71,93,56
387,Bridlington,GB,54.08,-0.19,39.97,13.87,93,0
388,Zalesovo,RU,53.99,84.74,25.09,8.93,88,44
389,Kannangad,IN,12.31,75.11,79.72,5.28,99,12
390,Boulder,US,40.02,-105.27,40.66,4.7,86,90
391,Sioux Lookout,CA,50.1,-91.92,25.2,6.93,74,90
392,Santa Rosa,PH,14.31,121.11,86.0,5.82,79,75
393,Kudahuvadhoo,MV,2.67,72.89,83.32,8.37,100,100
394,Gigmoto,PH,13.78,124.39,82.55,6.8,100,64
395,Uruacu,BR,-14.52,-49.14,72.29,3.33,77,56
396,Ahuimanu,US,21.44,-157.84,79.25,6.93,57,40
397,Verkhnevilyuysk,RU,63.45,120.32,-6.06,5.5,72,48
398,Dordrecht,NL,51.81,4.67,41.56,9.17,65,90
399,Jizan,SA,16.89,42.55,77.0,3.36,73,0
400,Sao Joao da Barra,BR,-21.64,-41.05,77.06,29.28,95,48
401,Bugasong,PH,11.04,122.07,83.99,4.79,99,0
402,Turka,UA,49.15,23.03,31.16,2.26,95,92
403,Saiha,IN,22.48,92.97,74.81,2.33,83,0
404,Washim,IN,20.1,77.15,72.65,6.29,71,12
405,Yulara,AU,-25.24,130.99,89.6,5.82,29,0
406,Cabedelo,BR,-6.98,-34.83,77.0,5.82,78,20
407,Torata,PE,-17.08,-70.84,34.72,1.25,77,8
408,Labuhan,ID,-6.88,112.21,82.28,7.14,100,20
409,Ciudad Real,ES,38.98,-3.93,31.57,2.77,69,0
410,Iranshahr,IR,27.2,60.68,36.83,2.1,53,0
411,Kingaroy,AU,-26.53,151.83,66.49,4.79,95,100
412,Orlik,RU,52.52,99.83,0.38,2.59,51,12
413,Palmer,US,42.16,-72.33,32.68,8.05,50,1
414,Caorle,IT,45.6,12.88,44.02,8.05,87,0
415,Anori,BR,-3.77,-61.64,80.75,3.38,80,8
416,Alghero,IT,40.56,8.32,46.91,2.26,85,0
417,Jesup,US,31.61,-81.89,54.82,5.01,87,1
418,Merrill,US,45.18,-89.68,33.03,3.27,100,90
419,Mirandola,IT,44.89,11.07,41.81,5.82,81,32
420,Primo Tapia,MX,32.22,-116.92,65.77,9.17,88,75
421,Preobrazheniye,RU,42.9,133.91,14.51,7.36,53,0
422,Shimoda,JP,34.67,138.95,60.8,10.29,67,75
423,Bonthe,SL,7.53,-12.51,76.88,3.49,97,20
424,Sitka,US,57.05,-135.33,36.14,16.11,100,90
425,Kulhudhuffushi,MV,6.62,73.07,81.56,5.28,100,48
426,Alice Springs,AU,-23.7,133.88,89.6,9.17,24,0
427,Inirida,CO,3.87,-67.92,79.13,2.77,84,0
428,Betanzos,ES,43.28,-8.21,44.87,3.36,100,12
429,Pokrovsk,RU,61.48,129.13,-11.37,5.61,55,56
430,Uige,AO,-7.61,15.06,64.19,2.26,94,76
431,San Andres,CO,12.58,-81.7,82.4,9.17,69,40
432,Vredendal,ZA,-31.67,18.5,43.09,2.04,90,8
433,Misratah,LY,32.38,15.09,59.38,17.65,100,32
434,Marsabit,KE,2.33,37.99,69.28,6.29,48,0
435,Itanhem,BR,-17.17,-40.33,66.89,7.02,94,0
436,Boa Vista,BR,2.82,-60.67,87.8,11.41,55,40
437,Porteirinha,BR,-15.74,-43.03,71.26,8.86,77,48
438,Escanaba,US,45.75,-87.06,39.2,11.77,93,90
439,Ramos Arizpe,MX,25.55,-100.97,69.8,2.71,56,5
440,Monrovia,LR,6.3,-10.8,81.65,12.17,100,36
441,Penzance,GB,50.12,-5.54,35.6,2.24,93,0
442,Drayton Valley,CA,53.22,-114.99,6.01,5.23,67,56
443,Awbari,LY,26.59,12.78,33.95,3.0,74,0
444,Arlit,NE,18.74,7.39,63.79,2.77,47,0
445,Joshimath,IN,30.57,79.57,13.25,0.36,90,68
446,Maniitsoq,GL,65.42,-52.9,13.61,9.86,100,56
447,Innisfail,AU,-17.53,146.03,80.53,4.23,63,0
448,Arona,ES,28.1,-16.68,64.9,5.82,72,20
449,Vaini,TO,-21.2,-175.2,82.4,11.41,74,90
450,Kalmar,SE,56.66,16.36,41.0,13.87,86,56
451,Anchorage,US,61.22,-149.9,18.12,10.16,100,90
452,Ippy,CF,6.27,21.22,69.59,5.39,94,8
453,Muhos,FI,64.75,26.17,32.0,12.75,91,92
454,Nanakuli,US,21.39,-158.15,79.27,11.16,69,90
455,Orange Cove,US,36.62,-119.31,59.77,4.7,58,1
456,Bilma,NE,18.69,12.92,53.53,5.35,31,0
457,Balkanabat,TM,39.51,54.37,39.98,3.22,93,76
458,San Ramon,US,37.78,-121.98,57.2,4.72,66,1
459,Tevaitoa,PF,-16.78,-151.5,79.85,23.06,100,68
460,Aura,FI,60.62,22.58,41.0,9.17,86,76
461,Lira,UG,2.23,32.91,60.59,3.27,82,12
462,Coahuayana,MX,18.73,-103.68,73.4,6.93,94,20
463,Ulaanbaatar,MN,47.91,106.88,-16.61,4.47,75,0
464,Jamestown,US,42.1,-79.24,32.5,12.75,74,1
465,Erdemli,TR,36.6,34.31,46.06,5.35,94,0
466,Moree,AU,-29.47,149.85,65.09,13.67,84,88
467,Yorosso,ML,12.35,-4.78,68.38,8.93,33,20
468,Noumea,NC,-22.28,166.46,82.4,11.41,28,0
469,Qaanaaq,GL,77.48,-69.36,-4.08,7.85,100,44
470,Kahului,US,20.89,-156.47,75.79,10.29,73,90
471,La Rioja,ES,42.25,-2.5,23.92,2.21,69,0
472,Rorvik,NO,64.86,11.24,40.93,14.85,100,80
473,Shevchenkove,UA,49.7,37.17,30.2,6.71,86,0
474,Igarka,RU,67.47,86.58,-0.39,10.83,66,80
475,Thinadhoo,MV,0.53,72.93,82.69,8.37,100,76
476,Cherskiy,RU,68.75,161.3,10.91,3.22,71,92
477,Formosa,AR,-26.18,-58.18,73.4,8.05,83,90
478,Labytnangi,RU,66.66,66.42,18.65,3.6,84,88
479,Datong,CN,40.09,113.29,15.68,4.72,28,0
480,Mercedes,AR,-34.65,-59.43,56.68,14.29,37,0
481,Casa Nova,BR,-9.42,-41.13,77.0,11.88,47,0
482,Shache,CN,38.42,77.24,26.98,3.27,81,48
483,Yumen,CN,40.28,97.2,22.7,4.5,72,64
484,Roald,NO,62.58,6.13,40.23,18.34,86,92
485,San Carlos del Zulia,VE,9.0,-71.91,78.46,1.99,93,64
486,Banda Aceh,ID,5.56,95.32,80.66,2.59,95,36
487,Ayagoz,KZ,47.97,80.44,7.4,3.27,71,36
488,Ystad,SE,55.43,13.82,42.8,13.87,93,75
489,Frontera,MX,18.58,-92.65,71.6,8.93,100,40
490,Kamyaran,IR,34.8,46.94,33.75,4.23,40,0
491,Chinsali,ZM,-10.54,32.08,68.74,9.53,52,0
492,Moctezuma,MX,29.8,-109.67,57.76,2.48,49,0
493,Tual,ID,-5.67,132.75,82.69,5.28,100,0
494,Tateyama,JP,34.98,139.87,59.86,10.29,67,75
495,Agra,IN,27.18,78.02,64.33,11.27,78,56
496,Kirkland Lake,CA,48.14,-80.04,23.0,13.87,92,90
497,Goderich,CA,43.75,-81.72,40.84,20.89,81,68
498,Qasigiannguit,GL,68.82,-51.19,6.8,3.56,65,0
499,Namibe,AO,-15.2,12.15,69.5,3.11,100,0
